ds,trend,yhat_lower,yhat_upper,trend_lower,trend_upper,additive_terms,additive_terms_lower,additive_terms_upper,daily,daily_lower,daily_upper,weekly,weekly_lower,weekly_upper,multiplicative_terms,multiplicative_terms_lower,multiplicative_terms_upper,yhat
2025-01-01,21.930876,-1.3384105224800666,32.85222868956694,21.930876,21.930876,-5.790295105815213,-5.790295105815213,-5.790295105815213,-4.2311412,-4.2311412,-4.2311412,-1.5591539058152128,-1.5591539058152128,-1.5591539058152128,0.0,0.0,0.0,16.140580894184787
2025-01-02,21.970764804999998,-3.038431109587056,31.473830693436135,21.970764804999998,21.970764804999998,-7.061307660004519,-7.061307660004519,-7.061307660004519,-4.2311412,-4.2311412,-4.2311412,-2.830166460004519,-2.830166460004519,-2.830166460004519,0.0,0.0,0.0,14.909457144995478
2025-01-03,22.01065361,-3.2732147952477693,31.515724107001883,22.01065361,22.01065361,-6.871351208891905,-6.871351208891905,-6.871351208891905,-4.2311412,-4.2311412,-4.2311412,-2.640210008891905,-2.640210008891905,-2.640210008891905,0.0,0.0,0.0,15.139302401108093
2025-01-04,22.050542415,3.1783922725929328,37.7783190415451,22.050542415,22.050542415,-2.3369617744465203,-2.3369617744465203,-2.3369617744465203,-4.2311412,-4.2311412,-4.2311412,1.8941794255534798,1.8941794255534798,1.8941794255534798,0.0,0.0,0.0,19.713580640553477
2025-01-05,22.09043122,6.54541773472321,38.5658055366941,22.09043122,22.09043122,0.0059881140333775725,0.0059881140333775725,0.0059881140333775725,-4.2311412,-4.2311412,-4.2311412,4.2371293140333774,4.2371293140333774,4.2371293140333774,0.0,0.0,0.0,22.096419334033378
2025-01-06,22.130320025,-0.4792578048261634,31.316151531199697,22.130320025,22.130320025,-5.455666306150305,-5.455666306150305,-5.455666306150305,-4.2311412,-4.2311412,-4.2311412,-1.2245251061503053,-1.2245251061503053,-1.2245251061503053,0.0,0.0,0.0,16.674653718849694
2025-01-07,22.17020883,3.410393348238947,36.56597206122954,22.17020883,22.17020883,-2.1083944587372465,-2.1083944587372465,-2.1083944587372465,-4.2311412,-4.2311412,-4.2311412,2.1227467412627536,2.1227467412627536,2.1227467412627536,0.0,0.0,0.0,20.061814371262752
2025-01-08,22.210097628538875,-0.3654143755159902,33.20547507789498,22.210097628538875,22.210097628538875,-5.790295105804252,-5.790295105804252,-5.790295105804252,-4.2311412,-4.2311412,-4.2311412,-1.5591539058042518,-1.5591539058042518,-1.5591539058042518,0.0,0.0,0.0,16.419802522734624
2025-01-09,22.24998642707775,-2.390504194781252,31.481178038512233,22.24998642707775,22.24998642707775,-7.06130765999912,-7.06130765999912,-7.06130765999912,-4.2311412,-4.2311412,-4.2311412,-2.830166459999119,-2.830166459999119,-2.830166459999119,0.0,0.0,0.0,15.188678767078631
2025-01-10,22.289875225616626,-1.1177556041715073,31.760958551032147,22.289875225616626,22.289875225616626,-6.871351208897864,-6.871351208897864,-6.871351208897864,-4.2311412,-4.2311412,-4.2311412,-2.640210008897863,-2.640210008897863,-2.640210008897863,0.0,0.0,0.0,15.418524016718763
2025-01-11,22.329764024155498,3.1335124840509754,37.53190342310818,22.329764024155498,22.329764024155498,-2.3369617744351876,-2.3369617744351876,-2.3369617744351876,-4.2311412,-4.2311412,-4.2311412,1.8941794255648121,1.8941794255648121,1.8941794255648121,0.0,0.0,0.0,19.99280224972031
2025-01-12,22.369652822694373,5.800459526571934,39.499072442563275,22.369652822694373,22.369652822694373,0.00598811403341192,0.00598811403341192,0.00598811403341192,-4.2311412,-4.2311412,-4.2311412,4.237129314033412,4.237129314033412,4.237129314033412,0.0,0.0,0.0,22.375640936727784
2025-01-13,22.409541614276023,-0.41648895093909777,32.8057089039013,22.409541614276023,22.409541614276023,-5.45566630614886,-5.45566630614886,-5.45566630614886,-4.2311412,-4.2311412,-4.2311412,-1.2245251061488598,-1.2245251061488598,-1.2245251061488598,0.0,0.0,0.0,16.953875308127163
2025-01-14,22.449430405857676,3.5935857763855177,37.96010905587679,22.449430405857676,22.449430405857676,-2.1083944587350545,-2.1083944587350545,-2.1083944587350545,-4.2311412,-4.2311412,-4.2311412,2.1227467412649457,2.1227467412649457,2.1227467412649457,0.0,0.0,0.0,20.34103594712262
2025-01-15,22.489319197439325,-1.2284359290834785,32.66021748210871,22.489319197439325,22.489319197439325,-5.79029510580476,-5.79029510580476,-5.79029510580476,-4.2311412,-4.2311412,-4.2311412,-1.559153905804761,-1.559153905804761,-1.559153905804761,0.0,0.0,0.0,16.699024091634566
2025-01-16,22.529207989020975,-1.2044311973952915,32.109387256229624,22.529207989020975,22.529207989020975,-7.061307659992764,-7.061307659992764,-7.061307659992764,-4.2311412,-4.2311412,-4.2311412,-2.8301664599927627,-2.8301664599927627,-2.8301664599927627,0.0,0.0,0.0,15.467900329028211
2025-01-17,22.569096780602624,-1.4857941263285173,32.32038808079617,22.569096780602624,22.569096780602624,-6.8713512088799344,-6.8713512088799344,-6.8713512088799344,-4.2311412,-4.2311412,-4.2311412,-2.640210008879934,-2.640210008879934,-2.640210008879934,0.0,0.0,0.0,15.69774557172269
2025-01-18,22.608985572184274,2.4625055577855264,37.43643064568483,22.608985572184274,22.608985572184274,-2.3369617744570235,-2.3369617744570235,-2.3369617744570235,-4.2311412,-4.2311412,-4.2311412,1.8941794255429765,1.8941794255429765,1.8941794255429765,0.0,0.0,0.0,20.27202379772725
2025-01-19,22.64887435357756,7.461702824081687,39.8632463318927,22.64887435357756,22.64887435357756,0.005988114033444894,0.005988114033444894,0.005988114033444894,-4.2311412,-4.2311412,-4.2311412,4.237129314033445,4.237129314033445,4.237129314033445,0.0,0.0,0.0,22.654862467611007
2025-01-20,22.688763134970845,0.19610289234692013,34.2892771054164,22.688763134970845,22.688763134970845,-5.455666306144571,-5.455666306144571,-5.455666306144571,-4.2311412,-4.2311412,-4.2311412,-1.22452510614457,-1.22452510614457,-1.22452510614457,0.0,0.0,0.0,17.233096828826273
2025-01-21,22.72865191636413,4.971959919474935,37.165144049214355,22.72865191636413,22.72865191636413,-2.1083944587328625,-2.1083944587328625,-2.1083944587328625,-4.2311412,-4.2311412,-4.2311412,2.1227467412671377,2.1227467412671377,2.1227467412671377,0.0,0.0,0.0,20.620257457631265
2025-01-22,22.768540697757413,-0.45041685918547447,34.62944352541808,22.768540697757413,22.768540697757413,-5.790295105812183,-5.790295105812183,-5.790295105812183,-4.2311412,-4.2311412,-4.2311412,-1.5591539058121842,-1.5591539058121842,-1.5591539058121842,0.0,0.0,0.0,16.978245591945228
2025-01-23,22.8084294791507,-1.8049501747482246,33.526830335424165,22.8084294791507,22.8084294791507,-7.061307659996872,-7.061307659996872,-7.061307659996872,-4.2311412,-4.2311412,-4.2311412,-2.8301664599968714,-2.8301664599968714,-2.8301664599968714,0.0,0.0,0.0,15.74712181915383
2025-01-24,22.848318260543984,-0.6920290356857759,32.82124520860125,22.848318260543984,22.848318260543984,-6.871351208885893,-6.871351208885893,-6.871351208885893,-4.2311412,-4.2311412,-4.2311412,-2.640210008885892,-2.640210008885892,-2.640210008885892,0.0,0.0,0.0,15.97696705165809
2025-01-25,22.888207041819516,3.7488253276095937,36.41205516088108,22.888207041819516,22.888207041819516,-2.336961774461074,-2.336961774461074,-2.336961774461074,-4.2311412,-4.2311412,-4.2311412,1.8941794255389264,1.8941794255389264,1.8941794255389264,0.0,0.0,0.0,20.551245267358443
2025-01-26,22.928095823095045,5.191868283109928,39.20382816252036,22.928095823095045,22.928095823095045,0.005988114033478554,0.005988114033478554,0.005988114033478554,-4.2311412,-4.2311412,-4.2311412,4.237129314033479,4.237129314033479,4.237129314033479,0.0,0.0,0.0,22.934083937128523
2025-01-27,22.967984604370578,0.9720077947076586,34.95551563867757,22.967984604370578,22.967984604370578,-5.455666306143124,-5.455666306143124,-5.455666306143124,-4.2311412,-4.2311412,-4.2311412,-1.2245251061431246,-1.2245251061431246,-1.2245251061431246,0.0,0.0,0.0,17.512318298227456
2025-01-28,23.00787338564611,4.22810516213171,37.795014161403145,23.00787338564611,23.00787338564611,-2.1083944587346597,-2.1083944587346597,-2.1083944587346597,-4.2311412,-4.2311412,-4.2311412,2.1227467412653405,2.1227467412653405,2.1227467412653405,0.0,0.0,0.0,20.89947892691145
2025-01-29,23.047762166921643,-0.22837237234570654,33.77128249175402,23.047762166921643,23.047762166921643,-5.790295105805778,-5.790295105805778,-5.790295105805778,-4.2311412,-4.2311412,-4.2311412,-1.5591539058057775,-1.5591539058057775,-1.5591539058057775,0.0,0.0,0.0,17.257467061115864
2025-01-30,23.087650948197176,-0.6675259096459686,32.38011151538043,23.087650948197176,23.087650948197176,-7.061307660000981,-7.061307660000981,-7.061307660000981,-4.2311412,-4.2311412,-4.2311412,-2.8301664600009806,-2.8301664600009806,-2.8301664600009806,0.0,0.0,0.0,16.026343288196195
2025-01-31,23.127539728231675,0.0021777506025540405,33.19439935449882,23.127539728231675,23.127539728231675,-6.871351208897897,-6.871351208897897,-6.871351208897897,-4.2311412,-4.2311412,-4.2311412,-2.640210008897897,-2.640210008897897,-2.640210008897897,0.0,0.0,0.0,16.256188519333776
2025-02-01,23.167428508266177,4.441418954669415,37.191988007159345,23.167428508266177,23.167428508266177,-2.336961774460797,-2.336961774460797,-2.336961774460797,-4.2311412,-4.2311412,-4.2311412,1.8941794255392026,1.8941794255392026,1.8941794255392026,0.0,0.0,0.0,20.83046673380538
2025-02-02,23.20731728830068,6.649274933923392,38.93229471586132,23.20731728830068,23.20731728830068,0.005988114025533972,0.005988114025533972,0.005988114025533972,-4.2311412,-4.2311412,-4.2311412,4.237129314025534,4.237129314025534,4.237129314025534,0.0,0.0,0.0,23.213305402326213
2025-02-03,23.247206068335178,1.315154252431608,34.80796873639711,23.247206068335178,23.247206068335178,-5.455666306145001,-5.455666306145001,-5.455666306145001,-4.2311412,-4.2311412,-4.2311412,-1.224525106145,-1.224525106145,-1.224525106145,0.0,0.0,0.0,17.791539762190176
2025-02-04,23.28709484836968,3.7242165897951347,38.27892696851981,23.28709484836968,23.28709484836968,-2.108394458736055,-2.108394458736055,-2.108394458736055,-4.2311412,-4.2311412,-4.2311412,2.1227467412639447,2.1227467412639447,2.1227467412639447,0.0,0.0,0.0,21.178700389633626
2025-02-05,23.326983626992554,-0.5220586453826777,33.308625572254606,23.326983626992554,23.326983626992554,-5.7902951058017305,-5.7902951058017305,-5.7902951058017305,-4.2311412,-4.2311412,-4.2311412,-1.5591539058017314,-1.5591539058017314,-1.5591539058017314,0.0,0.0,0.0,17.536688521190825
2025-02-06,23.366872405615428,-0.8286895242828842,33.32221738717244,23.366872405615428,23.366872405615428,-7.061307660005091,-7.061307660005091,-7.061307660005091,-4.2311412,-4.2311412,-4.2311412,-2.8301664600050898,-2.8301664600050898,-2.8301664600050898,0.0,0.0,0.0,16.305564745610337
2025-02-07,23.40676118423831,0.3487609375353423,34.4328487654907,23.40676118423831,23.40676118423831,-6.871351208903856,-6.871351208903856,-6.871351208903856,-4.2311412,-4.2311412,-4.2311412,-2.640210008903855,-2.640210008903855,-2.640210008903855,0.0,0.0,0.0,16.535409975334453
2025-02-08,23.446649962861184,5.3993614971084805,37.134451402662634,23.446649962861184,23.446649962861184,-2.336961774449465,-2.336961774449465,-2.336961774449465,-4.2311412,-4.2311412,-4.2311412,1.8941794255505349,1.8941794255505349,1.8941794255505349,0.0,0.0,0.0,21.109688188411717
2025-02-09,23.486538741484058,7.152934427585177,40.11368815927019,23.486538741484058,23.486538741484058,0.005988114033545875,0.005988114033545875,0.005988114033545875,-4.2311412,-4.2311412,-4.2311412,4.237129314033545,4.237129314033545,4.237129314033545,0.0,0.0,0.0,23.492526855517603
2025-02-10,23.526427520106935,-0.2127907285745791,33.83828937709588,23.526427520106935,23.526427520106935,-5.455666306146875,-5.455666306146875,-5.455666306146875,-4.2311412,-4.2311412,-4.2311412,-1.2245251061468756,-1.2245251061468756,-1.2245251061468756,0.0,0.0,0.0,18.07076121396006
2025-02-11,23.566316298125574,5.254111840359259,38.64580765371993,23.566316298125574,23.566316298125574,-2.108394458737853,-2.108394458737853,-2.108394458737853,-4.2311412,-4.2311412,-4.2311412,2.1227467412621475,2.1227467412621475,2.1227467412621475,0.0,0.0,0.0,21.457921839387723
2025-02-12,23.606205076144214,1.6350751029842778,34.25248512357096,23.606205076144214,23.606205076144214,-5.79029510580224,-5.79029510580224,-5.79029510580224,-4.2311412,-4.2311412,-4.2311412,-1.55915390580224,-1.55915390580224,-1.55915390580224,0.0,0.0,0.0,17.815909970341973
2025-02-13,23.646093854162856,-0.5043787505342625,33.150458736128996,23.646093854162856,23.646093854162856,-7.061307659998733,-7.061307659998733,-7.061307659998733,-4.2311412,-4.2311412,-4.2311412,-2.8301664599987326,-2.8301664599987326,-2.8301664599987326,0.0,0.0,0.0,16.584786194164124
2025-02-14,23.685982632181496,-0.17237655554339007,34.505441871147006,23.685982632181496,23.685982632181496,-6.871351208897869,-6.871351208897869,-6.871351208897869,-4.2311412,-4.2311412,-4.2311412,-2.6402100088978697,-2.6402100088978697,-2.6402100088978697,0.0,0.0,0.0,16.814631423283625
2025-02-15,23.72587141020014,5.597534544096887,37.356006483274,23.72587141020014,23.72587141020014,-2.3369617744381332,-2.3369617744381332,-2.3369617744381332,-4.2311412,-4.2311412,-4.2311412,1.8941794255618671,1.8941794255618671,1.8941794255618671,0.0,0.0,0.0,21.388909635762005
2025-02-16,23.765760188218778,7.280165196308013,41.99447237948083,23.765760188218778,23.765760188218778,0.0059881140354185024,0.0059881140354185024,0.0059881140354185024,-4.2311412,-4.2311412,-4.2311412,4.2371293140354185,4.2371293140354185,4.2371293140354185,0.0,0.0,0.0,23.771748302254196
2025-02-17,23.80564894885764,1.7785893275087181,36.185807593126235,23.80564894885764,23.80564894885764,-5.455666306148752,-5.455666306148752,-5.455666306148752,-4.2311412,-4.2311412,-4.2311412,-1.2245251061487508,-1.2245251061487508,-1.2245251061487508,0.0,0.0,0.0,18.349982642708888
2025-02-18,23.8455377094965,3.051320449109075,38.50096754694976,23.8455377094965,23.8455377094965,-2.1083944587356602,-2.1083944587356602,-2.1083944587356602,-4.2311412,-4.2311412,-4.2311412,2.12274674126434,2.12274674126434,2.12274674126434,0.0,0.0,0.0,21.73714325076084
2025-02-19,23.88542647013536,1.792853387839084,34.99285627458053,23.88542647013536,23.88542647013536,-5.790295105809663,-5.790295105809663,-5.790295105809663,-4.2311412,-4.2311412,-4.2311412,-1.559153905809663,-1.559153905809663,-1.559153905809663,0.0,0.0,0.0,18.0951313643257
2025-02-20,23.92531523077422,-0.6822454786629265,34.5249546819172,23.92531523077422,23.92531523077422,-7.061307660013308,-7.061307660013308,-7.061307660013308,-4.2311412,-4.2311412,-4.2311412,-2.830166460013307,-2.830166460013307,-2.830166460013307,0.0,0.0,0.0,16.86400757076091
2025-02-21,23.96520399141308,1.3594670842064986,33.89748604576161,23.96520399141308,23.96520399141308,-6.8713512088979325,-6.8713512088979325,-6.8713512088979325,-4.2311412,-4.2311412,-4.2311412,-2.640210008897932,-2.640210008897932,-2.640210008897932,0.0,0.0,0.0,17.09385278251515
2025-02-22,24.00509269576824,5.966762500352733,38.74645151664711,24.00509269576824,24.00509269576824,-2.3369617744489126,-2.3369617744489126,-2.3369617744489126,-4.2311412,-4.2311412,-4.2311412,1.8941794255510869,1.8941794255510869,1.8941794255510869,0.0,0.0,0.0,21.668130921319328
2025-02-23,24.044981400123405,6.824603463909152,40.662392094231315,24.044981400123405,24.044981400123405,0.005988114035452163,0.005988114035452163,0.005988114035452163,-4.2311412,-4.2311412,-4.2311412,4.237129314035452,4.237129314035452,4.237129314035452,0.0,0.0,0.0,24.050969514158858
2025-02-24,24.084870104478565,1.992925680054355,34.942236331848626,24.084870104478565,24.084870104478565,-5.455666306147306,-5.455666306147306,-5.455666306147306,-4.2311412,-4.2311412,-4.2311412,-1.2245251061473057,-1.2245251061473057,-1.2245251061473057,0.0,0.0,0.0,18.62920379833126
2025-02-25,24.12475880883372,4.48266383020974,37.75592647589354,24.12475880883372,24.12475880883372,-2.108394458735463,-2.108394458735463,-2.108394458735463,-4.2311412,-4.2311412,-4.2311412,2.122746741264537,2.122746741264537,2.122746741264537,0.0,0.0,0.0,22.016364350098257
2025-02-26,24.164647513188886,1.1650638091811294,36.71270246308307,24.164647513188886,24.164647513188886,-5.790295105817087,-5.790295105817087,-5.790295105817087,-4.2311412,-4.2311412,-4.2311412,-1.5591539058170865,-1.5591539058170865,-1.5591539058170865,0.0,0.0,0.0,18.3743524073718
2025-02-27,24.204536217544046,-0.07500342306374011,33.31674572793404,24.204536217544046,24.204536217544046,-7.061307659997442,-7.061307659997442,-7.061307659997442,-4.2311412,-4.2311412,-4.2311412,-2.830166459997442,-2.830166459997442,-2.830166459997442,0.0,0.0,0.0,17.143228557546603
2025-02-28,24.244424908354024,0.4206828247950038,34.850141516406175,24.244424908354024,24.244424908354024,-6.871351208891947,-6.871351208891947,-6.871351208891947,-4.2311412,-4.2311412,-4.2311412,-2.640210008891946,-2.640210008891946,-2.640210008891946,0.0,0.0,0.0,17.373073699462076
2025-03-01,24.28431359916401,4.749415198064234,38.9953772950527,24.28431359916401,24.28431359916401,-2.336961774437581,-2.336961774437581,-2.336961774437581,-4.2311412,-4.2311412,-4.2311412,1.8941794255624191,1.8941794255624191,1.8941794255624191,0.0,0.0,0.0,21.94735182472643
2025-03-02,24.324202289973986,7.616495220913368,41.28222530721403,24.324202289973986,24.324202289973986,0.0059881140275075805,0.0059881140275075805,0.0059881140275075805,-4.2311412,-4.2311412,-4.2311412,4.2371293140275075,4.2371293140275075,4.2371293140275075,0.0,0.0,0.0,24.330190404001492
2025-03-03,24.364090980783967,2.353090357679377,36.39460864484289,24.364090980783967,24.364090980783967,-5.455666306146336,-5.455666306146336,-5.455666306146336,-4.2311412,-4.2311412,-4.2311412,-1.2245251061463367,-1.2245251061463367,-1.2245251061463367,0.0,0.0,0.0,18.90842467463763
2025-03-04,24.403979671593948,5.389221871346936,40.240388341081015,24.403979671593948,24.403979671593948,-2.1083944587388532,-2.1083944587388532,-2.1083944587388532,-4.2311412,-4.2311412,-4.2311412,2.1227467412611465,2.1227467412611465,2.1227467412611465,0.0,0.0,0.0,22.295585212855094
2025-03-05,24.44386836240393,1.860269480165928,33.74293908121507,24.44386836240393,24.44386836240393,-5.790295105810681,-5.790295105810681,-5.790295105810681,-4.2311412,-4.2311412,-4.2311412,-1.55915390581068,-1.55915390581068,-1.55915390581068,0.0,0.0,0.0,18.653573256593248
2025-03-06,24.48375695064991,-0.2776939546839009,33.869846217382786,24.48375695064991,24.48375695064991,-7.061307660001551,-7.061307660001551,-7.061307660001551,-4.2311412,-4.2311412,-4.2311412,-2.830166460001551,-2.830166460001551,-2.830166460001551,0.0,0.0,0.0,17.42244929064836
2025-03-07,24.523645538895888,2.5509526892719943,34.965600623494865,24.523645538895888,24.523645538895888,-6.871351208897904,-6.871351208897904,-6.871351208897904,-4.2311412,-4.2311412,-4.2311412,-2.640210008897904,-2.640210008897904,-2.640210008897904,0.0,0.0,0.0,17.652294329997986
2025-03-08,24.56353412714187,5.105632695777622,37.9763816908314,24.56353412714187,24.56353412714187,-2.3369617744373046,-2.3369617744373046,-2.3369617744373046,-4.2311412,-4.2311412,-4.2311412,1.8941794255626956,1.8941794255626956,1.8941794255626956,0.0,0.0,0.0,22.226572352704565
2025-03-09,24.60342271538785,6.7979853540178565,41.32935453723462,24.60342271538785,24.60342271538785,0.005988114019562998,0.005988114019562998,0.005988114019562998,-4.2311412,-4.2311412,-4.2311412,4.237129314019564,4.237129314019564,4.237129314019564,0.0,0.0,0.0,24.609410829407413
2025-03-10,24.64331130363383,2.126226638398448,36.429462906243856,24.64331130363383,24.64331130363383,-5.455666306144891,-5.455666306144891,-5.455666306144891,-4.2311412,-4.2311412,-4.2311412,-1.224525106144891,-1.224525106144891,-1.224525106144891,0.0,0.0,0.0,19.18764499748894
2025-03-11,24.683199891879816,5.2971082411848975,38.40805819636228,24.683199891879816,24.683199891879816,-2.108394458738656,-2.108394458738656,-2.108394458738656,-4.2311412,-4.2311412,-4.2311412,2.1227467412613445,2.1227467412613445,2.1227467412613445,0.0,0.0,0.0,22.57480543314116
2025-03-12,24.723088283780193,1.4512623052956966,34.792692303303426,24.723088283780193,24.723088283780193,-5.790295105818104,-5.790295105818104,-5.790295105818104,-4.2311412,-4.2311412,-4.2311412,-1.5591539058181036,-1.5591539058181036,-1.5591539058181036,0.0,0.0,0.0,18.93279317796209
2025-03-13,24.762976675680576,0.3976329404756029,32.604856247488854,24.762976675680576,24.762976675680576,-7.061307659995195,-7.061307659995195,-7.061307659995195,-4.2311412,-4.2311412,-4.2311412,-2.8301664599951937,-2.8301664599951937,-2.8301664599951937,0.0,0.0,0.0,17.701669015685383
2025-03-14,24.80286506758096,0.4556068510878088,35.22550454619167,24.80286506758096,24.80286506758096,-6.8713512088919195,-6.8713512088919195,-6.8713512088919195,-4.2311412,-4.2311412,-4.2311412,-2.6402100088919185,-2.6402100088919185,-2.6402100088919185,0.0,0.0,0.0,17.93151385868904
2025-03-15,24.842753459481333,6.5263221299663865,39.31025751217447,24.842753459481333,24.842753459481333,-2.3369617744524107,-2.3369617744524107,-2.3369617744524107,-4.2311412,-4.2311412,-4.2311412,1.8941794255475897,1.8941794255475897,1.8941794255475897,0.0,0.0,0.0,22.50579168502892
2025-03-16,24.882641851381717,8.276348846366568,39.86435977775396,24.882641851381717,24.882641851381717,0.005988114027574215,0.005988114027574215,0.005988114027574215,-4.2311412,-4.2311412,-4.2311412,4.237129314027575,4.237129314027575,4.237129314027575,0.0,0.0,0.0,24.88862996540929
2025-03-17,24.922530154201347,2.0972331202810297,37.52360257351016,24.922530154201347,24.922530154201347,-5.4556663061500865,-5.4556663061500865,-5.4556663061500865,-4.2311412,-4.2311412,-4.2311412,-1.224525106150087,-1.224525106150087,-1.224525106150087,0.0,0.0,0.0,19.46686384805126
2025-03-18,24.962418457020977,6.211934542027389,40.83515096841662,24.962418457020977,24.962418457020977,-2.108394458736464,-2.108394458736464,-2.108394458736464,-4.2311412,-4.2311412,-4.2311412,2.122746741263536,2.122746741263536,2.122746741263536,0.0,0.0,0.0,22.854023998284514
2025-03-19,25.002306759840607,2.0870718074023045,36.24645758541,25.002306759840607,25.002306759840607,-5.790295105818612,-5.790295105818612,-5.790295105818612,-4.2311412,-4.2311412,-4.2311412,-1.559153905818612,-1.559153905818612,-1.559153905818612,0.0,0.0,0.0,19.212011654021996
2025-03-20,25.04219506266024,1.0445840822933568,33.99632499675819,25.04219506266024,25.04219506266024,-7.061307660000261,-7.061307660000261,-7.061307660000261,-4.2311412,-4.2311412,-4.2311412,-2.83016646000026,-2.83016646000026,-2.83016646000026,0.0,0.0,0.0,17.98088740265998
2025-03-21,25.08208336547987,-1.0016361055567358,34.43013849071925,25.08208336547987,25.08208336547987,-6.8713512088978765,-6.8713512088978765,-6.8713512088978765,-4.2311412,-4.2311412,-4.2311412,-2.6402100088978764,-2.6402100088978764,-2.6402100088978764,0.0,0.0,0.0,18.210732156581994
2025-03-22,25.1219716682995,5.868425540528641,39.829632740041966,25.1219716682995,25.1219716682995,-2.336961774452134,-2.336961774452134,-2.336961774452134,-4.2311412,-4.2311412,-4.2311412,1.8941794255478657,1.8941794255478657,1.8941794255478657,0.0,0.0,0.0,22.785009893847366
2025-03-23,25.16185991865386,7.986871331696844,42.5972709627295,25.16185991865386,25.16185991865386,0.005988114019630319,0.005988114019630319,0.005988114019630319,-4.2311412,-4.2311412,-4.2311412,4.23712931401963,4.23712931401963,4.23712931401963,0.0,0.0,0.0,25.16784803267349
2025-03-24,25.201748169008223,2.0710830873791264,36.29494150668398,25.201748169008223,25.201748169008223,-5.4556663061486415,-5.4556663061486415,-5.4556663061486415,-4.2311412,-4.2311412,-4.2311412,-1.2245251061486417,-1.2245251061486417,-1.2245251061486417,0.0,0.0,0.0,19.746081862859583
2025-03-25,25.24163641936258,7.361708049093692,39.79504237432034,25.24163641936258,25.24163641936258,-2.108394458736267,-2.108394458736267,-2.108394458736267,-4.2311412,-4.2311412,-4.2311412,2.1227467412637333,2.1227467412637333,2.1227467412637333,0.0,0.0,0.0,23.133241960626314
2025-03-26,25.281524669716944,3.2094155816274466,35.603885761396626,25.281524669716944,25.281524669716944,-5.790295105807651,-5.790295105807651,-5.790295105807651,-4.2311412,-4.2311412,-4.2311412,-1.5591539058076507,-1.5591539058076507,-1.5591539058076507,0.0,0.0,0.0,19.491229563909293
2025-03-27,25.321412920071307,1.4642982460876004,34.872882817595695,25.321412920071307,25.321412920071307,-7.06130766000437,-7.06130766000437,-7.06130766000437,-4.2311412,-4.2311412,-4.2311412,-2.830166460004369,-2.830166460004369,-2.830166460004369,0.0,0.0,0.0,18.260105260066936
2025-03-28,25.361301170425666,2.17680694697452,34.911732019017954,25.361301170425666,25.361301170425666,-6.871351208879949,-6.871351208879949,-6.871351208879949,-4.2311412,-4.2311412,-4.2311412,-2.640210008879947,-2.640210008879947,-2.640210008879947,0.0,0.0,0.0,18.48994996154572
2025-03-29,25.40118942071452,5.578198787508782,40.803633098998674,25.40118942071452,25.40118942071452,-2.3369617744408027,-2.3369617744408027,-2.3369617744408027,-4.2311412,-4.2311412,-4.2311412,1.8941794255591977,1.8941794255591977,1.8941794255591977,0.0,0.0,0.0,23.064227646273718
2025-03-30,25.44107767100338,9.206763036715843,42.88283940162104,25.44107767100338,25.44107767100338,0.005988114019663293,0.005988114019663293,0.005988114019663293,-4.2311412,-4.2311412,-4.2311412,4.237129314019664,4.237129314019664,4.237129314019664,0.0,0.0,0.0,25.447065785023042
2025-03-31,25.48096592129224,2.6136480337599775,37.55604993470006,25.48096592129224,25.48096592129224,-5.4556663061443516,-5.4556663061443516,-5.4556663061443516,-4.2311412,-4.2311412,-4.2311412,-1.2245251061443518,-1.2245251061443518,-1.2245251061443518,0.0,0.0,0.0,20.025299615147887
2025-04-01,25.520854171581092,6.744619531449881,40.42792367718413,25.520854171581092,25.520854171581092,-2.108394458734075,-2.108394458734075,-2.108394458734075,-4.2311412,-4.2311412,-4.2311412,2.1227467412659253,2.1227467412659253,2.1227467412659253,0.0,0.0,0.0,23.412459712847017
2025-04-02,25.560742421869953,4.39290121905486,37.721127097594085,25.560742421869953,25.560742421869953,-5.790295105808159,-5.790295105808159,-5.790295105808159,-4.2311412,-4.2311412,-4.2311412,-1.5591539058081592,-1.5591539058081592,-1.5591539058081592,0.0,0.0,0.0,19.770447316061794
2025-04-03,25.600630672158807,1.0727470054537278,35.8493861416563,25.600630672158807,25.600630672158807,-7.061307660008478,-7.061307660008478,-7.061307660008478,-4.2311412,-4.2311412,-4.2311412,-2.8301664600084773,-2.8301664600084773,-2.8301664600084773,0.0,0.0,0.0,18.53932301215033
2025-04-04,25.640518881657687,2.119174245537225,35.105648620586585,25.640518881657687,25.640518881657687,-6.871351208885906,-6.871351208885906,-6.871351208885906,-4.2311412,-4.2311412,-4.2311412,-2.6402100088859055,-2.6402100088859055,-2.6402100088859055,0.0,0.0,0.0,18.769167672771783
2025-04-05,25.680407091156564,5.353195407559353,39.7367708762468,25.680407091156564,25.680407091156564,-2.336961774440526,-2.336961774440526,-2.336961774440526,-4.2311412,-4.2311412,-4.2311412,1.8941794255594742,1.8941794255594742,1.8941794255594742,0.0,0.0,0.0,23.34344531671604
2025-04-06,25.720295300655437,9.669196203852836,41.826686258854295,25.720295300655437,25.720295300655437,0.005988114029514163,0.005988114029514163,0.005988114029514163,-4.2311412,-4.2311412,-4.2311412,4.237129314029515,4.237129314029515,4.237129314029515,0.0,0.0,0.0,25.72628341468495
2025-04-07,25.760183510154317,3.766837061370406,36.951401309453615,25.760183510154317,25.760183510154317,-5.455666306146227,-5.455666306146227,-5.455666306146227,-4.2311412,-4.2311412,-4.2311412,-1.2245251061462272,-1.2245251061462272,-1.2245251061462272,0.0,0.0,0.0,20.30451720400809
2025-04-08,25.800071719653193,6.492870971359063,39.20419313517722,25.800071719653193,25.800071719653193,-2.108394458735872,-2.108394458735872,-2.108394458735872,-4.2311412,-4.2311412,-4.2311412,2.1227467412641277,2.1227467412641277,2.1227467412641277,0.0,0.0,0.0,23.69167726091732
2025-04-09,25.83995981459752,2.7426031587379494,36.69128094445854,25.83995981459752,25.83995981459752,-5.7902951058155825,-5.7902951058155825,-5.7902951058155825,-4.2311412,-4.2311412,-4.2311412,-1.5591539058155823,-1.5591539058155823,-1.5591539058155823,0.0,0.0,0.0,20.04966470878194
2025-04-10,25.879847909541848,1.4712195419502276,34.76917542019546,25.879847909541848,25.879847909541848,-7.061307660002122,-7.061307660002122,-7.061307660002122,-4.2311412,-4.2311412,-4.2311412,-2.830166460002121,-2.830166460002121,-2.830166460002121,0.0,0.0,0.0,18.818540249539726
2025-04-11,25.919736004486175,1.7471764473475755,35.59318774749481,25.919736004486175,25.919736004486175,-6.871351208897911,-6.871351208897911,-6.871351208897911,-4.2311412,-4.2311412,-4.2311412,-2.640210008897911,-2.640210008897911,-2.640210008897911,0.0,0.0,0.0,19.048384795588262
2025-04-12,25.959624099430503,6.284654206510192,40.26756035270722,25.959624099430503,25.959624099430503,-2.3369617744291937,-2.3369617744291937,-2.3369617744291937,-4.2311412,-4.2311412,-4.2311412,1.8941794255708062,1.8941794255708062,1.8941794255708062,0.0,0.0,0.0,23.622662325001308
2025-04-13,25.99951219437483,10.452009297610255,43.43552432213545,25.99951219437483,25.99951219437483,0.0059881140295478235,0.0059881140295478235,0.0059881140295478235,-4.2311412,-4.2311412,-4.2311412,4.237129314029548,4.237129314029548,4.237129314029548,0.0,0.0,0.0,26.00550030840438
2025-04-14,26.039400289319154,4.173829499275038,37.75386951590005,26.039400289319154,26.039400289319154,-5.455666306148103,-5.455666306148103,-5.455666306148103,-4.2311412,-4.2311412,-4.2311412,-1.2245251061481026,-1.2245251061481026,-1.2245251061481026,0.0,0.0,0.0,20.58373398317105
2025-04-15,26.0792883787991,7.963857847415776,40.157846957341626,26.0792883787991,26.0792883787991,-2.1083944587336805,-2.1083944587336805,-2.1083944587336805,-4.2311412,-4.2311412,-4.2311412,2.1227467412663197,2.1227467412663197,2.1227467412663197,0.0,0.0,0.0,23.970893920065418
2025-04-16,26.119176468279036,4.4426130750040675,37.18423140102823,26.119176468279036,26.119176468279036,-5.790295105797707,-5.790295105797707,-5.790295105797707,-4.2311412,-4.2311412,-4.2311412,-1.559153905797706,-1.559153905797706,-1.559153905797706,0.0,0.0,0.0,20.32888136248133
2025-04-17,26.159064557758974,1.495126212502385,35.94338449042713,26.159064557758974,26.159064557758974,-7.061307659995764,-7.061307659995764,-7.061307659995764,-4.2311412,-4.2311412,-4.2311412,-2.8301664599957643,-2.8301664599957643,-2.8301664599957643,0.0,0.0,0.0,19.09775689776321
2025-04-18,26.19895264723892,2.868750863661796,36.64507569360788,26.19895264723892,26.19895264723892,-6.871351208891926,-6.871351208891926,-6.871351208891926,-4.2311412,-4.2311412,-4.2311412,-2.6402100088919256,-2.6402100088919256,-2.6402100088919256,0.0,0.0,0.0,19.327601438346992
2025-04-19,26.238840736718856,6.205110841437189,41.272709482850004,26.238840736718856,26.238840736718856,-2.3369617744399727,-2.3369617744399727,-2.3369617744399727,-4.2311412,-4.2311412,-4.2311412,1.8941794255600273,1.8941794255600273,1.8941794255600273,0.0,0.0,0.0,23.901878962278882
2025-04-20,26.2787288261988,9.263435709927117,42.5603229388358,26.2787288261988,26.2787288261988,0.005988114029582171,0.005988114029582171,0.005988114029582171,-4.2311412,-4.2311412,-4.2311412,4.237129314029582,4.237129314029582,4.237129314029582,0.0,0.0,0.0,26.284716940228382
2025-04-21,26.31861669058574,4.313527780364585,37.52916097546874,26.31861669058574,26.31861669058574,-5.455666306146657,-5.455666306146657,-5.455666306146657,-4.2311412,-4.2311412,-4.2311412,-1.224525106146657,-1.224525106146657,-1.224525106146657,0.0,0.0,0.0,20.86295038443908
2025-04-22,26.35850455497268,8.045533545840659,41.71776055029261,26.35850455497268,26.35850455497268,-2.1083944587370707,-2.1083944587370707,-2.1083944587370707,-4.2311412,-4.2311412,-4.2311412,2.1227467412629295,2.1227467412629295,2.1227467412629295,0.0,0.0,0.0,24.25011009623561
2025-04-23,26.398392419359613,5.077245339521268,37.573033229728246,26.398392419359613,26.398392419359613,-5.7902951058051295,-5.7902951058051295,-5.7902951058051295,-4.2311412,-4.2311412,-4.2311412,-1.5591539058051298,-1.5591539058051298,-1.5591539058051298,0.0,0.0,0.0,20.608097313554484
2025-04-24,26.438280283746554,3.037347780071995,35.91016600277935,26.438280283746554,26.438280283746554,-7.061307659999874,-7.061307659999874,-7.061307659999874,-4.2311412,-4.2311412,-4.2311412,-2.830166459999873,-2.830166459999873,-2.830166459999873,0.0,0.0,0.0,19.37697262374668
2025-04-25,26.478168148133495,4.869854804575474,37.36277323117493,26.478168148133495,26.478168148133495,-6.87135120888594,-6.87135120888594,-6.87135120888594,-4.2311412,-4.2311412,-4.2311412,-2.64021000888594,-2.64021000888594,-2.64021000888594,0.0,0.0,0.0,19.606816939247555
2025-04-26,26.518056013071057,6.29673893948184,41.34236558557469,26.518056013071057,26.518056013071057,-2.336961774428641,-2.336961774428641,-2.336961774428641,-4.2311412,-4.2311412,-4.2311412,1.894179425571359,1.894179425571359,1.894179425571359,0.0,0.0,0.0,24.181094238642416
2025-04-27,26.55794387800862,10.699785450832628,42.23339503337647,26.55794387800862,26.55794387800862,0.005988114039432354,0.005988114039432354,0.005988114039432354,-4.2311412,-4.2311412,-4.2311412,4.237129314039433,4.237129314039433,4.237129314039433,0.0,0.0,0.0,26.56393199204805
2025-04-28,26.597831742946177,5.687269531791613,37.91064048246106,26.597831742946177,26.597831742946177,-5.455666306145212,-5.455666306145212,-5.455666306145212,-4.2311412,-4.2311412,-4.2311412,-1.2245251061452116,-1.2245251061452116,-1.2245251061452116,0.0,0.0,0.0,21.142165436800965
2025-04-29,26.63771960788374,8.14353994347041,40.02738535759063,26.63771960788374,26.63771960788374,-2.1083944587368726,-2.1083944587368726,-2.1083944587368726,-4.2311412,-4.2311412,-4.2311412,2.122746741263127,2.122746741263127,2.122746741263127,0.0,0.0,0.0,24.529325149146867
2025-04-30,26.6776074728213,4.00232480757181,37.74301427421825,26.6776074728213,26.6776074728213,-5.790295105798723,-5.790295105798723,-5.790295105798723,-4.2311412,-4.2311412,-4.2311412,-1.5591539057987234,-1.5591539057987234,-1.5591539057987234,0.0,0.0,0.0,20.887312367022577
2025-05-01,26.717495337758862,3.8028433652061944,35.785589228857724,26.717495337758862,26.717495337758862,-7.061307660003983,-7.061307660003983,-7.061307660003983,-4.2311412,-4.2311412,-4.2311412,-2.830166460003982,-2.830166460003982,-2.830166460003982,0.0,0.0,0.0,19.65618767775488
2025-05-02,26.757383203520355,2.7597546188764333,36.33255692920979,26.757383203520355,26.757383203520355,-6.871351208891898,-6.871351208891898,-6.871351208891898,-4.2311412,-4.2311412,-4.2311412,-2.640210008891898,-2.640210008891898,-2.640210008891898,0.0,0.0,0.0,19.886031994628457
2025-05-03,26.79727106928185,8.153765918559088,41.13073098972302,26.79727106928185,26.79727106928185,-2.3369617744548035,-2.3369617744548035,-2.3369617744548035,-4.2311412,-4.2311412,-4.2311412,1.894179425545197,1.894179425545197,1.894179425545197,0.0,0.0,0.0,24.46030929482705
2025-05-04,26.837158935043348,10.853146370937138,42.79712013442863,26.837158935043348,26.837158935043348,0.005988114031487772,0.005988114031487772,0.005988114031487772,-4.2311412,-4.2311412,-4.2311412,4.237129314031487,4.237129314031487,4.237129314031487,0.0,0.0,0.0,26.843147049074837
2025-05-05,26.87704680080484,5.020199986811249,37.225785132632275,26.87704680080484,26.87704680080484,-5.455666306147087,-5.455666306147087,-5.455666306147087,-4.2311412,-4.2311412,-4.2311412,-1.2245251061470872,-1.2245251061470872,-1.2245251061470872,0.0,0.0,0.0,21.421380494657754
2025-05-06,26.91693466656633,9.662840743872152,42.78154516674664,26.91693466656633,26.91693466656633,-2.1083944587366754,-2.1083944587366754,-2.1083944587366754,-4.2311412,-4.2311412,-4.2311412,2.1227467412633243,2.1227467412633243,2.1227467412633243,0.0,0.0,0.0,24.808540207829655
2025-05-07,26.956822532327834,3.859099236106201,37.51852558037381,26.956822532327834,26.956822532327834,-5.7902951058061465,-5.7902951058061465,-5.7902951058061465,-4.2311412,-4.2311412,-4.2311412,-1.5591539058061465,-1.5591539058061465,-1.5591539058061465,0.0,0.0,0.0,21.16652742652169
2025-05-08,26.99671040192947,3.0421205490906935,36.836806872625274,26.99671040192947,26.99671040192947,-7.061307659998582,-7.061307659998582,-7.061307659998582,-4.2311412,-4.2311412,-4.2311412,-2.830166459998582,-2.830166459998582,-2.830166459998582,0.0,0.0,0.0,19.935402741930886
2025-05-09,27.036598271531105,4.372069323765746,37.098587057276376,27.036598271531105,27.036598271531105,-6.871351208897857,-6.871351208897857,-6.871351208897857,-4.2311412,-4.2311412,-4.2311412,-2.640210008897856,-2.640210008897856,-2.640210008897856,0.0,0.0,0.0,20.16524706263325
2025-05-10,27.076486141132747,7.3515892265406055,40.68927418516862,27.076486141132747,27.076486141132747,-2.3369617744434708,-2.3369617744434708,-2.3369617744434708,-4.2311412,-4.2311412,-4.2311412,1.894179425556529,1.894179425556529,1.894179425556529,0.0,0.0,0.0,24.739524366689277
2025-05-11,27.116374010734383,10.525014409077212,42.96480314130405,27.116374010734383,27.116374010734383,0.005988114039499675,0.005988114039499675,0.005988114039499675,-4.2311412,-4.2311412,-4.2311412,4.2371293140395005,4.2371293140395005,4.2371293140395005,0.0,0.0,0.0,27.122362124773883
2025-05-12,27.156261880336018,5.671858557240904,38.95175853011891,27.156261880336018,27.156261880336018,-5.455666306148962,-5.455666306148962,-5.455666306148962,-4.2311412,-4.2311412,-4.2311412,-1.2245251061489622,-1.2245251061489622,-1.2245251061489622,0.0,0.0,0.0,21.700595574187055
2025-05-13,27.196149749937657,8.054042509058299,41.976544488795845,27.196149749937657,27.196149749937657,-2.1083944587344834,-2.1083944587344834,-2.1083944587344834,-4.2311412,-4.2311412,-4.2311412,2.1227467412655163,2.1227467412655163,2.1227467412655163,0.0,0.0,0.0,25.087755291203173
2025-05-14,27.236037619981275,5.913147233507385,38.56213293422473,27.236037619981275,27.236037619981275,-5.7902951058066545,-5.7902951058066545,-5.7902951058066545,-4.2311412,-4.2311412,-4.2311412,-1.5591539058066552,-1.5591539058066552,-1.5591539058066552,0.0,0.0,0.0,21.44574251417462
2025-05-15,27.275925490024896,2.789140166096928,36.05219221991535,27.275925490024896,27.275925490024896,-7.0613076599922255,-7.0613076599922255,-7.0613076599922255,-4.2311412,-4.2311412,-4.2311412,-2.8301664599922254,-2.8301664599922254,-2.8301664599922254,0.0,0.0,0.0,20.214617830032672
2025-05-16,27.31581336006851,3.7966399541271403,37.26343513118313,27.31581336006851,27.31581336006851,-6.871351208891871,-6.871351208891871,-6.871351208891871,-4.2311412,-4.2311412,-4.2311412,-2.640210008891871,-2.640210008891871,-2.640210008891871,0.0,0.0,0.0,20.44446215117664
2025-05-17,27.355701230112132,8.047081595620602,40.72743050137863,27.355701230112132,27.355701230112132,-2.3369617744431945,-2.3369617744431945,-2.3369617744431945,-4.2311412,-4.2311412,-4.2311412,1.8941794255568054,1.8941794255568054,1.8941794255568054,0.0,0.0,0.0,25.018739455668936
2025-05-18,27.395589100155746,10.472294891445776,43.20900075123368,27.395589100155746,27.395589100155746,0.005988114031555093,0.005988114031555093,0.005988114031555093,-4.2311412,-4.2311412,-4.2311412,4.237129314031555,4.237129314031555,4.237129314031555,0.0,0.0,0.0,27.401577214187302
2025-05-19,27.43547696552253,5.326685098437413,37.632794849403155,27.43547696552253,27.43547696552253,-5.455666306144672,-5.455666306144672,-5.455666306144672,-4.2311412,-4.2311412,-4.2311412,-1.2245251061446725,-1.2245251061446725,-1.2245251061446725,0.0,0.0,0.0,21.979810659377858
2025-05-20,27.47536483088931,8.509743909894778,41.347182432167365,27.47536483088931,27.47536483088931,-2.1083944587398684,-2.1083944587398684,-2.1083944587398684,-4.2311412,-4.2311412,-4.2311412,2.1227467412601317,2.1227467412601317,2.1227467412601317,0.0,0.0,0.0,25.36697037214944
2025-05-21,27.515252696256088,4.877159445828016,38.06110004901642,27.515252696256088,27.515252696256088,-5.790295105814078,-5.790295105814078,-5.790295105814078,-4.2311412,-4.2311412,-4.2311412,-1.5591539058140786,-1.5591539058140786,-1.5591539058140786,0.0,0.0,0.0,21.72495759044201
2025-05-22,27.555140561622867,4.012636365202895,37.39550802333133,27.555140561622867,27.555140561622867,-7.061307660006801,-7.061307660006801,-7.061307660006801,-4.2311412,-4.2311412,-4.2311412,-2.8301664600068004,-2.8301664600068004,-2.8301664600068004,0.0,0.0,0.0,20.493832901616067
2025-05-23,27.59502842698965,4.65143979428512,37.96445677934289,27.59502842698965,27.59502842698965,-6.871351208885885,-6.871351208885885,-6.871351208885885,-4.2311412,-4.2311412,-4.2311412,-2.640210008885885,-2.640210008885885,-2.640210008885885,0.0,0.0,0.0,20.723677218103767
2025-05-24,27.63491629235643,8.362253790591637,42.959263689315485,27.63491629235643,27.63491629235643,-2.3369617744583016,-2.3369617744583016,-2.3369617744583016,-4.2311412,-4.2311412,-4.2311412,1.894179425541699,1.894179425541699,1.894179425541699,0.0,0.0,0.0,25.297954517898127
2025-05-25,27.67480415582516,11.250906522359097,44.44556032223288,27.67480415582516,27.67480415582516,0.005988114031588753,0.005988114031588753,0.005988114031588753,-4.2311412,-4.2311412,-4.2311412,4.2371293140315895,4.2371293140315895,4.2371293140315895,0.0,0.0,0.0,27.68079226985675
2025-05-26,27.71469201929388,5.432250356659708,38.19712997082584,27.71469201929388,27.71469201929388,-5.455666306143227,-5.455666306143227,-5.455666306143227,-4.2311412,-4.2311412,-4.2311412,-1.2245251061432276,-1.2245251061432276,-1.2245251061432276,0.0,0.0,0.0,22.259025713150656
2025-05-27,27.754579882762606,8.679031196980661,42.31919331115095,27.754579882762606,27.754579882762606,-2.1083944587376764,-2.1083944587376764,-2.1083944587376764,-4.2311412,-4.2311412,-4.2311412,2.1227467412623238,2.1227467412623238,2.1227467412623238,0.0,0.0,0.0,25.646185424024928
2025-05-28,27.79446774623133,5.535715010442204,38.0642663973558,27.79446774623133,27.79446774623133,-5.790295105814587,-5.790295105814587,-5.790295105814587,-4.2311412,-4.2311412,-4.2311412,-1.5591539058145873,-1.5591539058145873,-1.5591539058145873,0.0,0.0,0.0,22.004172640416744
2025-05-29,27.834355609700058,4.640190751240829,37.793529762376885,27.834355609700058,27.834355609700058,-7.061307660000444,-7.061307660000444,-7.061307660000444,-4.2311412,-4.2311412,-4.2311412,-2.8301664600004433,-2.8301664600004433,-2.8301664600004433,0.0,0.0,0.0,20.773047949699613
2025-05-30,27.874243473168782,3.3188572857018537,36.30271941869768,27.874243473168782,27.874243473168782,-6.871351208885948,-6.871351208885948,-6.871351208885948,-4.2311412,-4.2311412,-4.2311412,-2.6402100088859477,-2.6402100088859477,-2.6402100088859477,0.0,0.0,0.0,21.002892264282835
2025-05-31,27.914131336637514,8.630740695769596,42.409288641366864,27.914131336637514,27.914131336637514,-2.3369617744580244,-2.3369617744580244,-2.3369617744580244,-4.2311412,-4.2311412,-4.2311412,1.8941794255419755,1.8941794255419755,1.8941794255419755,0.0,0.0,0.0,25.57716956217949
2025-06-01,27.954019200106234,11.61789341126361,44.559602455886726,27.954019200106234,27.954019200106234,0.005988114023644171,0.005988114023644171,0.005988114023644171,-4.2311412,-4.2311412,-4.2311412,4.237129314023644,4.237129314023644,4.237129314023644,0.0,0.0,0.0,27.96000731412988
2025-06-02,27.99390706357496,6.353589116646859,39.42608405268763,27.99390706357496,27.99390706357496,-5.455666306148423,-5.455666306148423,-5.455666306148423,-4.2311412,-4.2311412,-4.2311412,-1.2245251061484232,-1.2245251061484232,-1.2245251061484232,0.0,0.0,0.0,22.538240757426536
2025-06-03,28.033794927043683,10.196062176870154,43.20017263305074,28.033794927043683,28.033794927043683,-2.1083944587394736,-2.1083944587394736,-2.1083944587394736,-4.2311412,-4.2311412,-4.2311412,2.122746741260526,2.122746741260526,2.122746741260526,0.0,0.0,0.0,25.92540046830421
2025-06-04,28.07368279051241,6.260970069356452,37.63408840837772,28.07368279051241,28.07368279051241,-5.790295105803626,-5.790295105803626,-5.790295105803626,-4.2311412,-4.2311412,-4.2311412,-1.5591539058036261,-1.5591539058036261,-1.5591539058036261,0.0,0.0,0.0,22.283387684708785
2025-06-05,28.113570653981135,4.769574476498928,37.72000841949286,28.113570653981135,28.113570653981135,-7.0613076600045535,-7.0613076600045535,-7.0613076600045535,-4.2311412,-4.2311412,-4.2311412,-2.8301664600045524,-2.8301664600045524,-2.8301664600045524,0.0,0.0,0.0,21.052262993976584
2025-06-06,28.15345851744986,3.711070747203025,38.12438980230689,28.15345851744986,28.15345851744986,-6.871351208891905,-6.871351208891905,-6.871351208891905,-4.2311412,-4.2311412,-4.2311412,-2.640210008891905,-2.640210008891905,-2.640210008891905,0.0,0.0,0.0,21.282107308557954
2025-06-07,28.193346380918587,8.748748679412799,42.332680930546225,28.193346380918587,28.193346380918587,-2.3369617744466926,-2.3369617744466926,-2.3369617744466926,-4.2311412,-4.2311412,-4.2311412,1.8941794255533075,1.8941794255533075,1.8941794255533075,0.0,0.0,0.0,25.856384606471895
2025-06-08,28.23323424438731,12.419790339136519,45.09669556753641,28.23323424438731,28.23323424438731,0.0059881140236778315,0.0059881140236778315,0.0059881140236778315,-4.2311412,-4.2311412,-4.2311412,4.237129314023678,4.237129314023678,4.237129314023678,0.0,0.0,0.0,28.239222358410988
2025-06-09,28.273122107856036,6.103857115664067,39.62567094201617,28.273122107856036,28.273122107856036,-5.455666306146978,-5.455666306146978,-5.455666306146978,-4.2311412,-4.2311412,-4.2311412,-1.224525106146978,-1.224525106146978,-1.224525106146978,0.0,0.0,0.0,22.81745580170906
2025-06-10,28.31300997132476,9.186951764499952,42.57560902361839,28.31300997132476,28.31300997132476,-2.108394458737282,-2.108394458737282,-2.108394458737282,-4.2311412,-4.2311412,-4.2311412,2.122746741262718,2.122746741262718,2.122746741262718,0.0,0.0,0.0,26.204615512587477
2025-06-11,28.352897834793488,5.521406388084058,39.706385730293825,28.352897834793488,28.352897834793488,-5.790295105804135,-5.790295105804135,-5.790295105804135,-4.2311412,-4.2311412,-4.2311412,-1.5591539058041344,-1.5591539058041344,-1.5591539058041344,0.0,0.0,0.0,22.562602728989354
2025-06-12,28.392785698262212,4.705980253835838,36.8505728042715,28.392785698262212,28.392785698262212,-7.061307659998196,-7.061307659998196,-7.061307659998196,-4.2311412,-4.2311412,-4.2311412,-2.8301664599981957,-2.8301664599981957,-2.8301664599981957,0.0,0.0,0.0,21.331478038264017
2025-06-13,28.432673561730937,5.423803121561685,38.87458050491894,28.432673561730937,28.432673561730937,-6.871351208885919,-6.871351208885919,-6.871351208885919,-4.2311412,-4.2311412,-4.2311412,-2.6402100088859197,-2.6402100088859197,-2.6402100088859197,0.0,0.0,0.0,21.561322352845018
2025-06-14,28.472561425199665,8.785219811768455,42.97330833220447,28.472561425199665,28.472561425199665,-2.3369617744574716,-2.3369617744574716,-2.3369617744574716,-4.2311412,-4.2311412,-4.2311412,1.8941794255425282,1.8941794255425282,1.8941794255425282,0.0,0.0,0.0,26.135599650742193
2025-06-15,28.51244928866839,11.740581745103125,45.53107836440382,28.51244928866839,28.51244928866839,0.005988114033528702,0.005988114033528702,0.005988114033528702,-4.2311412,-4.2311412,-4.2311412,4.237129314033528,4.237129314033528,4.237129314033528,0.0,0.0,0.0,28.518437402701917
2025-06-16,28.552337152137113,6.268646348640649,40.36355019256987,28.552337152137113,28.552337152137113,-5.455666306146009,-5.455666306146009,-5.455666306146009,-4.2311412,-4.2311412,-4.2311412,-1.2245251061460096,-1.2245251061460096,-1.2245251061460096,0.0,0.0,0.0,23.096670845991106
2025-06-17,28.592225015605838,11.165161378637444,42.502344780801224,28.592225015605838,28.592225015605838,-2.10839445873509,-2.10839445873509,-2.10839445873509,-4.2311412,-4.2311412,-4.2311412,2.12274674126491,2.12274674126491,2.12274674126491,0.0,0.0,0.0,26.483830556870746
2025-06-18,28.632112879074565,5.418830262016854,40.68059254624623,28.632112879074565,28.632112879074565,-5.790295105811557,-5.790295105811557,-5.790295105811557,-4.2311412,-4.2311412,-4.2311412,-1.5591539058115576,-1.5591539058115576,-1.5591539058115576,0.0,0.0,0.0,22.84181777326301
2025-06-19,28.67200074254329,4.240855040830004,37.93774931001078,28.67200074254329,28.67200074254329,-7.0613076600023055,-7.0613076600023055,-7.0613076600023055,-4.2311412,-4.2311412,-4.2311412,-2.8301664600023044,-2.8301664600023044,-2.8301664600023044,0.0,0.0,0.0,21.610693082540983
2025-06-20,28.711888606012014,5.420551194052118,38.38518603261223,28.711888606012014,28.711888606012014,-6.87135120890987,-6.87135120890987,-6.87135120890987,-4.2311412,-4.2311412,-4.2311412,-2.640210008909869,-2.640210008909869,-2.640210008909869,0.0,0.0,0.0,21.840537397102146
2025-06-21,28.751776469480742,9.16060840181678,42.776906017402915,28.751776469480742,28.751776469480742,-2.3369617744461397,-2.3369617744461397,-2.3369617744461397,-4.2311412,-4.2311412,-4.2311412,1.8941794255538604,1.8941794255538604,1.8941794255538604,0.0,0.0,0.0,26.4148146950346
2025-06-22,28.791664332949466,11.934199135019595,45.89565635027496,28.791664332949466,28.791664332949466,0.005988114033562362,0.005988114033562362,0.005988114033562362,-4.2311412,-4.2311412,-4.2311412,4.237129314033562,4.237129314033562,4.237129314033562,0.0,0.0,0.0,28.79765244698303
2025-06-23,28.83155219641819,6.631238969255451,39.860440625644806,28.83155219641819,28.83155219641819,-5.455666306144564,-5.455666306144564,-5.455666306144564,-4.2311412,-4.2311412,-4.2311412,-1.2245251061445634,-1.2245251061445634,-1.2245251061445634,0.0,0.0,0.0,23.375885890273626
2025-06-24,28.87144005988691,10.41284343838978,42.72804912030403,28.87144005988691,28.87144005988691,-2.1083944587348924,-2.1083944587348924,-2.1083944587348924,-4.2311412,-4.2311412,-4.2311412,2.1227467412651078,2.1227467412651078,2.1227467412651078,0.0,0.0,0.0,26.76304560115202
2025-06-25,28.911327923355643,7.061259472011459,39.75254408558546,28.911327923355643,28.911327923355643,-5.790295105805151,-5.790295105805151,-5.790295105805151,-4.2311412,-4.2311412,-4.2311412,-1.5591539058051511,-1.5591539058051511,-1.5591539058051511,0.0,0.0,0.0,23.121032817550493
2025-06-26,28.951215786824367,4.651764094075773,38.2817061807839,28.951215786824367,28.951215786824367,-7.0613076599969045,-7.0613076599969045,-7.0613076599969045,-4.2311412,-4.2311412,-4.2311412,-2.8301664599969047,-2.8301664599969047,-2.8301664599969047,0.0,0.0,0.0,21.889908126827464
2025-06-27,28.991103650293088,6.651032952327618,38.87472109745582,28.991103650293088,28.991103650293088,-6.87135120889194,-6.87135120889194,-6.87135120889194,-4.2311412,-4.2311412,-4.2311412,-2.64021000889194,-2.64021000889194,-2.64021000889194,0.0,0.0,0.0,22.119752441401147
2025-06-28,29.03099151376182,9.661240232526316,43.270124597944026,29.03099151376182,29.03099151376182,-2.3369617744348075,-2.3369617744348075,-2.3369617744348075,-4.2311412,-4.2311412,-4.2311412,1.8941794255651923,1.8941794255651923,1.8941794255651923,0.0,0.0,0.0,26.69402973932701
2025-06-29,29.07087937723054,12.126100539244478,44.368837292119906,29.07087937723054,29.07087937723054,0.005988114025617093,0.005988114025617093,0.005988114025617093,-4.2311412,-4.2311412,-4.2311412,4.2371293140256165,4.2371293140256165,4.2371293140256165,0.0,0.0,0.0,29.076867491256156
2025-06-30,29.110767240699264,8.423046776318806,42.060503848443474,29.110767240699264,29.110767240699264,-5.455666306146439,-5.455666306146439,-5.455666306146439,-4.2311412,-4.2311412,-4.2311412,-1.224525106146439,-1.224525106146439,-1.224525106146439,0.0,0.0,0.0,23.655100934552827
2025-07-01,29.15065510416799,10.173846340470153,43.59265674664708,29.15065510416799,29.15065510416799,-2.108394458736288,-2.108394458736288,-2.108394458736288,-4.2311412,-4.2311412,-4.2311412,2.122746741263712,2.122746741263712,2.122746741263712,0.0,0.0,0.0,27.0422606454317
2025-07-02,29.190542967636716,6.687410814010586,41.209248250373285,29.190542961611154,29.190542975989086,-5.790295105812575,-5.790295105812575,-5.790295105812575,-4.2311412,-4.2311412,-4.2311412,-1.5591539058125743,-1.5591539058125743,-1.5591539058125743,0.0,0.0,0.0,23.40024786182414
2025-07-03,29.23043083110544,5.362299825612008,38.39634760650588,29.230430796842796,29.230430857957995,-7.06130766001148,-7.06130766001148,-7.06130766001148,-4.2311412,-4.2311412,-4.2311412,-2.8301664600114798,-2.8301664600114798,-2.8301664600114798,0.0,0.0,0.0,22.16912317109396
2025-07-04,29.270318694574165,5.345138059891424,38.3887027422395,29.270318638180832,29.27031875369239,-6.871351208897899,-6.871351208897899,-6.871351208897899,-4.2311412,-4.2311412,-4.2311412,-2.6402100088978977,-2.6402100088978977,-2.6402100088978977,0.0,0.0,0.0,22.398967485676266
2025-07-05,29.310206558042893,11.164954841272053,43.15284278843319,29.310206461275296,29.310206658688045,-2.336961774434531,-2.336961774434531,-2.336961774434531,-4.2311412,-4.2311412,-4.2311412,1.894179425565469,1.894179425565469,1.894179425565469,0.0,0.0,0.0,26.97324478360836
2025-07-06,29.350094421511617,11.719043663090346,45.9477795069573,29.350094283640427,29.350094562285587,0.005988114033628996,0.005988114033628996,0.005988114033628996,-4.2311412,-4.2311412,-4.2311412,4.23712931403363,4.23712931403363,4.23712931403363,0.0,0.0,0.0,29.356082535545244
2025-07-07,29.38998228498034,7.372049702602761,41.207142023138296,29.38998210576247,29.38998247633527,-5.455666306148315,-5.455666306148315,-5.455666306148315,-4.2311412,-4.2311412,-4.2311412,-1.224525106148314,-1.224525106148314,-1.224525106148314,0.0,0.0,0.0,23.934315978832025
2025-07-08,29.42987014844907,10.242103329949959,45.67193336142702,29.42986991093171,29.429870391076648,-2.108394458738085,-2.108394458738085,-2.108394458738085,-4.2311412,-4.2311412,-4.2311412,2.1227467412619143,2.1227467412619143,2.1227467412619143,0.0,0.0,0.0,27.321475689710983
2025-07-09,29.469758011917794,6.602684059537961,40.26528202994791,29.4697577127509,29.469758322389726,-5.7902951058199985,-5.7902951058199985,-5.7902951058199985,-4.2311412,-4.2311412,-4.2311412,-1.5591539058199981,-1.5591539058199981,-1.5591539058199981,0.0,0.0,0.0,23.679462906097797
2025-07-10,29.509645875386518,7.019005793179587,39.89472140952254,29.50964550963946,29.509646268686875,-7.061307660005124,-7.061307660005124,-7.061307660005124,-4.2311412,-4.2311412,-4.2311412,-2.8301664600051226,-2.8301664600051226,-2.8301664600051226,0.0,0.0,0.0,22.448338215381394
2025-07-11,29.549533738855246,4.9736560280427815,40.219733583462876,29.549533311616933,29.549534207979438,-6.871351208891912,-6.871351208891912,-6.871351208891912,-4.2311412,-4.2311412,-4.2311412,-2.640210008891912,-2.640210008891912,-2.640210008891912,0.0,0.0,0.0,22.678182529963333
2025-07-12,29.58942160232397,10.108800159888435,42.27248661170875,29.58942109822516,29.589422137022055,-2.3369617744385818,-2.3369617744385818,-2.3369617744385818,-4.2311412,-4.2311412,-4.2311412,1.8941794255614182,1.8941794255614182,1.8941794255614182,0.0,0.0,0.0,27.25245982788539
2025-07-13,29.629309465792694,11.420949439902145,45.62663453382589,29.629308881720178,29.629310072334615,0.00598811403550231,0.00598811403550231,0.00598811403550231,-4.2311412,-4.2311412,-4.2311412,4.237129314035502,4.237129314035502,4.237129314035502,0.0,0.0,0.0,29.635297579828197
2025-07-14,29.66919732926142,7.222920617784295,42.41439912050078,29.66919665787564,29.669198019339156,-5.4556663061501895,-5.4556663061501895,-5.4556663061501895,-4.2311412,-4.2311412,-4.2311412,-1.2245251061501898,-1.2245251061501898,-1.2245251061501898,0.0,0.0,0.0,24.21353102311123
2025-07-15,29.709085192730143,12.137179811095647,44.48002329692833,29.70908445144803,29.70908597914586,-2.108394458735893,-2.108394458735893,-2.108394458735893,-4.2311412,-4.2311412,-4.2311412,2.122746741264107,2.122746741264107,2.122746741264107,0.0,0.0,0.0,27.60069073399425
2025-07-16,29.74897305619887,7.51622256011972,41.857612331262864,29.748972240131017,29.748973945247702,-5.7902951058205065,-5.7902951058205065,-5.7902951058205065,-4.2311412,-4.2311412,-4.2311412,-1.5591539058205064,-1.5591539058205064,-1.5591539058205064,0.0,0.0,0.0,23.958677950378366
2025-07-17,29.788860919667595,5.291681119082019,39.21716933896448,29.788860013341136,29.788861914196353,-7.061307659999723,-7.061307659999723,-7.061307659999723,-4.2311412,-4.2311412,-4.2311412,-2.8301664599997225,-2.8301664599997225,-2.8301664599997225,0.0,0.0,0.0,22.72755325966787
2025-07-18,29.828748783136323,6.522047985895979,41.63570471412146,29.828747787833226,29.828749892990555,-6.871351208885928,-6.871351208885928,-6.871351208885928,-4.2311412,-4.2311412,-4.2311412,-2.640210008885927,-2.640210008885927,-2.640210008885927,0.0,0.0,0.0,22.957397574250393
2025-07-19,29.868636646605047,9.472723216882631,42.978354917494144,29.86863557504911,29.868637852149952,-2.3369617744493616,-2.3369617744493616,-2.3369617744493616,-4.2311412,-4.2311412,-4.2311412,1.8941794255506386,1.8941794255506386,1.8941794255506386,0.0,0.0,0.0,27.531674872155687
2025-07-20,29.90852451007377,13.09689432905698,47.07327138108197,29.908523329115148,29.908525818695388,0.005988114043514214,0.005988114043514214,0.005988114043514214,-4.2311412,-4.2311412,-4.2311412,4.237129314043514,4.237129314043514,4.237129314043514,0.0,0.0,0.0,29.914512624117286
2025-07-21,29.948412373542496,6.982916082698465,40.37950050116774,29.948411076441225,29.948413789687706,-5.4556663061487445,-5.4556663061487445,-5.4556663061487445,-4.2311412,-4.2311412,-4.2311412,-1.2245251061487445,-1.2245251061487445,-1.2245251061487445,0.0,0.0,0.0,24.492746067393753
2025-07-22,29.988300237011224,11.820444044723422,46.37740723701057,29.988298816458006,29.98830177522499,-2.1083944587356958,-2.1083944587356958,-2.1083944587356958,-4.2311412,-4.2311412,-4.2311412,2.122746741264304,2.122746741264304,2.122746741264304,0.0,0.0,0.0,27.87990577827553
2025-07-23,30.028188100479948,7.149452244072414,42.18662889834943,30.028186594668764,30.028189747916237,-5.79029510581646,-5.79029510581646,-5.79029510581646,-4.2311412,-4.2311412,-4.2311412,-1.5591539058164603,-1.5591539058164603,-1.5591539058164603,0.0,0.0,0.0,24.23789299466349
2025-07-24,30.068075963948672,7.174947744465048,39.86701734016764,30.068074314324456,30.06807772403362,-7.061307659993367,-7.061307659993367,-7.061307659993367,-4.2311412,-4.2311412,-4.2311412,-2.8301664599933662,-2.8301664599933662,-2.8301664599933662,0.0,0.0,0.0,23.006768303955305
2025-07-25,30.1079638274174,6.93306489554369,39.60344474136809,30.1079620334403,30.107965718487698,-6.8713512088799416,-6.8713512088799416,-6.8713512088799416,-4.2311412,-4.2311412,-4.2311412,-2.6402100088799414,-2.6402100088799414,-2.6402100088799414,0.0,0.0,0.0,23.236612618537457
2025-07-26,30.147851690886124,11.286928273002546,43.5294572918125,30.1478498143892,30.14785369906331,-2.3369617744380293,-2.3369617744380293,-2.3369617744380293,-4.2311412,-4.2311412,-4.2311412,1.8941794255619708,1.8941794255619708,1.8941794255619708,0.0,0.0,0.0,27.810889916448094
2025-07-27,30.18773955435485,13.209060319908867,48.05812007926248,30.187737536396863,30.187741693563513,0.005988114035568945,0.005988114035568945,0.005988114035568945,-4.2311412,-4.2311412,-4.2311412,4.2371293140355695,4.2371293140355695,4.2371293140355695,0.0,0.0,0.0,30.19372766839042
2025-07-28,30.22762741782357,8.829076094209418,40.77484533304401,30.227625275565586,30.227629643192106,-5.455666306144455,-5.455666306144455,-5.455666306144455,-4.2311412,-4.2311412,-4.2311412,-1.2245251061444546,-1.2245251061444546,-1.2245251061444546,0.0,0.0,0.0,24.771961111679115
2025-07-29,30.2675152812923,11.39011895069578,44.19590499559715,30.267513015950595,30.267517632580788,-2.1083944587354986,-2.1083944587354986,-2.1083944587354986,-4.2311412,-4.2311412,-4.2311412,2.122746741264501,2.122746741264501,2.122746741264501,0.0,0.0,0.0,28.1591208225568
2025-07-30,30.307403144761025,7.666715019180202,41.17521565651175,30.307400711715147,30.307405622589222,-5.790295105803138,-5.790295105803138,-5.790295105803138,-4.2311412,-4.2311412,-4.2311412,-1.559153905803139,-1.559153905803139,-1.559153905803139,0.0,0.0,0.0,24.517108038957886
